Fraction of Reads,Human BC2,Mouse BC1,Mapped Read
0,0.8774950788306933,0.12250492116930667,Human
1,0.8773516302069521,0.12264836979304794,Human
2,0.8654378601547749,0.13456213984522514,Human
3,0.11200995644057254,0.8879900435594275,Mouse
4,0.11495950104949582,0.8850404989505042,Mouse
5,0.10114834609273438,0.8988516539072656,Mouse
6,0.9345794392523364,0.06542056074766354,eGFP
7,0.9236902050113895,0.07630979498861047,eGFP
8,0.9301533219761499,0.06984667802385008,eGFP
