Fraction of Reads,Human BC2,Mouse BC1,Mapped Read
0,0.877253992787223,0.12274600721277695,Human
1,0.8772990914845928,0.12270090851540716,Human
2,0.8653970366600772,0.13460296333992283,Human
3,0.11578497512134067,0.8842150248786593,Mouse
4,0.11797446030506875,0.8820255396949312,Mouse
5,0.10383857007503006,0.8961614299249699,Mouse
6,0.9345794392523364,0.06542056074766354,eGFP
7,0.9236902050113895,0.07630979498861047,eGFP
8,0.9301533219761499,0.06984667802385008,eGFP
